111111,3,testFname1,testMname1,lastName1,testemail1@gmail.com,1111111111,13-04-2004,testUSer01
111112,4,testFname2,testMname2,lastName2,testemail2@gmail.com,2222222222,14-04-2004,testUSer02
111113,5,testFname3,testMname3,lastName3,testemail1@gmail.com,3333333333,15-04-2004,testUSer03
111114,6,testFname4,testMname4,lastName4,testemail2@gmail.com,4444444444,16-04-2004,testUSer04
111115,7,testFname5,testMname5,lastName5,testemail1@gmail.com,5555555555,17-04-2004,testUSer05
111116,8,testFname6,testMname6,lastName6,testemail2@gmail.com,6666666666,18-04-2004,testUSer06
111117,9,testFname7,testMname7,lastName7,testemail1@gmail.com,7777777777,19-04-2004,testUSer07
111118,10,testFname8,testMname8,lastName8,testemail2@gmail.com,8888888888,20-04-2004,testUSer08
111119,11,testFname9,testMname9,lastName9,testemail1@gmail.com,9999999999,21-04-2004,testUSer09
111120,12,testFname10,testMname10,lastName10,testemail2@gmail.com,1212121212,22-04-2004,testUSer10
111121,13,testFname11,testMname11,lastName11,testemail1@gmail.com,1313131313,23-04-2004,testUSer11
111122,14,testFname12,testMname12,lastName12,testemail2@gmail.com,1414141414,24-04-2004,testUSer12
111123,15,testFname13,testMname13,lastName13,testemail1@gmail.com,1515151515,25-04-2004,testUSer13
111124,16,testFname14,testMname14,lastName14,testemail2@gmail.com,1616161616,26-04-2004,testUSer14
111125,17,testFname15,testMname15,lastName15,testemail1@gmail.com,1717171717,27-04-2004,testUSer15
